ord	taccion	slug	feaccion	nivel_ejecucion	estado_alta	contraparte	description	Requirente	Monto	objetivo	planprod	lineaaccion	area
24	ballet	Ballet Folklórico Nacional	01/01/2015	enpreparacion	activo		Ballet Folklórico Nacional		4000000.0			1 Ballet Folklórico Nacional 	DNA
73	encuentrointl	Cooperación Cultural con Rusia – China – India	01/01/2015	enpreparacion	activo	Rusia – China – India	Actividades de intercambio, asistencias artísticas y acciones de cooperación cultural con Rusia – China – India		21000000.0			1 Desarrollo Internacional 	SGC
145	encuentrointl	Milán 2015	01/05/2015	enpreparacion	activo	Cancillería 	Participación en la Expo Universal Milano 2015		50000000.0			1 Desarrollo Internacional 	SGC
196	encuentrointl	Participación en Ferias y Mercados 	01/01/2015	enpreparacion	activo	Cancilleria	Apoyo a la participación en ferias y Mercados.		2500000.0			1 Desarrollo Internacional 	SGC
86	patrimoniohistorico	Ejecución de exhibiciones permanentes, elaboración de procedimientos, realización de  actividades  y muestras	01/01/2015	enpreparacion	activo		Ejecución de exhibiciones permanentes, elaboración de procedimientos y realización de  actividades  y muestras  (reacondicionamiento de salas, pasajes y viaticos,  gastos en materiales, honorarios profesionales, elementos de papel y carton,  insumos de iluminación equipamiento electrónico y multimedia)  		11000000.0			1 Modernización de la exhibición permanente de los Museos Nacionales  	DNIC
17	patrimoniohistorico	Asesoriamientos y diagnósticos 	01/01/2015	enpreparacion	activo		Asesoriamientos y diagnósticos  Traslado de personal técnico a los museos dependientes a fin de actualizar diagnósticos y  realizar seguimientos sobre acciones propuestas (traslado a los 8 museos sitos en el interior del país, viáticos, papel de computación, computadora portátil)  		57725.0			10 Comunicación e Interpretación del Patrimonio 	DNIC
27	patrimoniohistorico	Biblioteca especializada	01/01/2015	enpreparacion	activo		Biblioteca especializada Registro y difusión de publicaciones especializadas en museología y patrimonio cultural (software específico) 		1000.0			10 Comunicación e Interpretación del Patrimonio 	DNIC
41	patrimoniohistorico	Capacitaciones específicas para personal del Ministerio de Cultura 	01/01/2015	enpreparacion	activo		Capacitaciones específicas para personal del Ministerio de Cultura  Capacitaciones específicas sobre contenidos vinculados a la comunicación e interpretación del patrimonio (traslado para 8 representantes de los museos nacionales dependientes del interior,  viáticos, papel de computación)  		52625.0			10 Comunicación e Interpretación del Patrimonio 	DNIC
43	patrimoniohistorico	Capacitaciones para personal de museos del territorio nacional 	01/01/2015	enpreparacion	activo		Capacitaciones para personal de museos del territorio nacional  Capacitaciones en 6 sedes del interior del país sobre contenidos vinculados a la comunicación e interpretación del patrimonio (pasajes,  viáticos, imprenta, papel de computación) 		40485.0			10 Comunicación e Interpretación del Patrimonio 	DNIC
81	patrimoniohistorico	Difusión de los museos	01/01/2015	enpreparacion	activo		Difusión de los museos Elaboración de folletos institucionales de los museos nacionales dependientes, bilingües (impresión, servicio de traducción y envío postal) 		56700.0			10 Comunicación e Interpretación del Patrimonio 	DNIC
101	patrimoniohistorico	Estudios de público 	01/01/2015	enpreparacion	activo		Estudios de público  Evaluación de resultados del estudio de público realizado en museos nacionales dependientes y confección de nuevo instrumento a ser aplicado en 2016 (papel de computación, servicio de traducción y sellos postales).  		3200.0			10 Comunicación e Interpretación del Patrimonio 	DNIC
157	patrimoniohistorico	MUSEar 	01/01/2015	enpreparacion	activo		MUSEar  Actualización de información de museos argentinos para buscador on line (impresión de 1000 formularios de relevamiento, papel de computación y envío por correo postal)  		6000.0			10 Comunicación e Interpretación del Patrimonio 	DNIC
224	patrimoniohistorico	Publicaciones técnicas	01/01/2015	enpreparacion	activo		Publicaciones técnicas Elaboración de cuadernillos técnicos sobre comunicación e interpretación del patrimonio (software, impresión y reproducción, envío postal) 		69650.0			10 Comunicación e Interpretación del Patrimonio 	DNIC
277	patrimoniohistorico	Representación en organismos internacionales (Ibermuseos)	01/01/2015	enpreparacion	activo		Representación en organismos internacionales (Ibermuseos) Representación de Argentina en el Programa Ibermuseos (traslado a Ezeiza para participar de mesas técnicas de trabajo y reunión anual del Observatorio Iberoamericano de Museos) 		4000.0			10 Comunicación e Interpretación del Patrimonio 	DNIC
129	musicologia	Instituto Nacional de Musicología	01/01/2015	enpreparacion	activo		Investigación, publicaciones 		1200000.0			10 Instituto Nacional de Musicología 	DNA
283	fortalecimiento	Solicitudes de prestaciones artísticas	01/01/2015	enpreparacion	activo		Solicitudes de prestaciones artísticas varias, y programas de apoyo a proyectos artísticos. 	Schonfeld, Sebastian	8000000.0			10 Proyectos Especiales SGC 	SGC
292	fortalecimiento	Verano 2015 - Acciones en Museos	31/01/2015	enpreparacion	activo				2000000.0			10 Proyectos Especiales SGC 	SGC
62	ciclos	Ciclos y Eventos Especiales	01/01/2015	enpreparacion	activo		Conciertos y actividades extraordinarias 		12000000.0			11 Ciclos y Eventos Especiales 	DNA
131	foro	Intercambios Profesionales	01/01/2015	enpreparacion	activo		Intercambios Profesionales Desarrollo de actividades específicas de intercambio y asesoramiento profesional en el ámbito nacional y regional latinoamericano. Incluye traslados, viáticos, pasajes, insumos de librería 		150000.0			11 Foro Nacional y Latinoamericano de política nacional de museos 	DNIC
245	foro	Realización de Foros Nacionales y Regionales	01/01/2015	enpreparacion	activo		Realización de Foros Nacionales y Regionales Implementación de acciones conjuntas de capacitación y cooperación técnico-profesional, en el ámbito museológico nacional y latinoamericano. 		273000.0			11 Foro Nacional y Latinoamericano de política nacional de museos 	DNIC
5	memorarconar	Actualización de CONar	01/01/2015	enpreparacion	activo		Actualización de CONar Contratación del programador para mantenimiento y actualización del Sistema CONar 		102000.0			12 CONar 	DNIC
7	memorarconar	Actualización de Normativa	01/01/2015	enpreparacion	activo		Actualización de Normativa Colaboración en el relevamiento de visu total de la colección de la Estancia de Jesús María – Museo Jesuítico Nacional (pasajes y viaticos, gastos de estadia) 		34000.0			12 CONar 	DNIC
8	memorarconar	Actualización de registros	01/01/2015	enpreparacion	activo		Actualización de registros Adquisición de equipamiento informático y fotográfico 		40000.0			12 CONar 	DNIC
18	memorarconar	Asesorias	01/01/2015	enpreparacion	activo		Asesorias Seguimiento a las áresa de registro y documentación de colecciones en los museos dependientes de la DNPM del interior: San Juan, Tucumán, Salta, San Nicolás, Caseros-Entre Ríos 		23000.0			12 CONar 	DNIC
36	memorarconar	Capacitación en registro fotográfico de bienes culturales	01/01/2015	enpreparacion	activo		Capacitacion Capacitación en registro fotográfico de bienes culturales 		78000.0			12 CONar 	DNIC
37	memorarconar	Capacitacionen registro y documentación de colecciones en museos de todo el país	01/01/2015	enpreparacion	activo		Capacitacion Capacitaciones en registro y documentación de colecciones en museos de todo el país 		78000.0			12 CONar 	DNIC
206	memorarconar	Presentación de la actualización del Sistema CONar versión II	01/01/2015	enpreparacion	activo		Presentación de la actualización del Sistema CONar versión II Reunión de presentación de la segunda versión del Sistema CONar 		114000.0			12 CONar 	DNIC
246	memorarconar	Realización de Manual versión CONar II	01/01/2015	enpreparacion	activo		Realización de Manual versión CONar II Grabado e impresión de manuales y protocolos especializados para difusión 		15000.0			12 CONar 	DNIC
123	fomentointl	Ibermúsicas/Iberorquestas	01/01/2015	enpreparacion	activo				2100000.0			12 Ibermúsicas 	DNA
6	memorarconar	Actualización de MEMORar	01/01/2015	enpreparacion	activo		Actualización de MEMORar **Contratación para la actualización y modificaciones en el Sistema informático MEMORar 		240000.0			13 MEMORar  	DNIC
19	memorarconar	Asesorías	01/01/2015	enpreparacion	activo		Asesorías Asesorar en materia archivistica a museos e instituciones de otras jurisdicciones.  ( 4 capacitaciones)/ Asesorar en materia archivistica y en el Sistema informático MEMORar a nuevos museos e instituciones adherentes. Inluye pasajes y viaticos, gastos de estadía 		96000.0			13 MEMORar  	DNIC
35	memorarconar	Capacitación de Museos Nacionales dependientes de la DNPM en el interior del país	01/01/2015	enpreparacion	activo		Capacitación de Museos Nacionales dependientes de la DNPM en el interior del país ( 8 Museos) Seguimiento, capacitación y diagnósticos de evaluación del área archivo de los museos dependientes: Jujuy, Salta, Tucumán, San Juan, Entre Ríos, Córdoba, San Nicolás (16 viajes) 		88000.0			13 MEMORar  	DNIC
146	memorarconar	Modernización de equipamiento técnico	01/01/2015	enpreparacion	activo		Modernización de equipamiento técnico  		160600.0			13 MEMORar  	DNIC
212	fortalecimiento	Programa Social de Orquestas Infantiles y Juveniles	01/01/2015	enpreparacion	activo		Talleres y presentaciones. 		1345000.0			13 Programa Social de Orquestas Infantiles y Juveniles 	DNA
12	patrimoniohistorico	Adquisición de equipamiento informático y fotográfico	01/01/2015	enpreparacion	activo		Adquisición de equipamiento informático y fotográfico Adquisición de equipamiento informático y fotográfico para el desarrollo del Área de Rescate de Bienes Culturales 		35000.0			14 Conservación de Bienes Culturales 	DNIC
16	patrimoniohistorico	Asesoramiento técnico y diagnósticos de colecciones	01/01/2015	enpreparacion	activo		Asesoramiento técnico y diagnósticos de colecciones Asesoramiento técnico en patrimonio y museología y realización de diagnósticos de condiciones de conservación de las colecciones para museos  e instituciones con custodia de bienes culturales 		33600.0			14 Conservación de Bienes Culturales 	DNIC
44	patrimoniohistorico	Capacitaciones y asistencias técnicas para el personal dependiente de la DNPM	01/01/2015	enpreparacion	activo		Capacitaciones y asistencias técnicas para el personal dependiente de la DNPM Asistencia técnicas en: formulación de los Planes de Conservación e implementación de programas de control ambiental 		157200.0			14 Conservación de Bienes Culturales 	DNIC
46	patrimoniohistorico	Capacitación para museos e instituciones con custodia de bienes culturales    	01/01/2015	enpreparacion	activo		Capacitación para museos e instituciones con custodia de bienes culturales     Contratación de 2 profesionales en conservación de bienes culturales para la formulación de capacitaciones y dictado de las mismas/ Capacitaciones en conservación de bienes culturales en museos de todo el país 		246600.0			14 Conservación de Bienes Culturales 	DNIC
85	patrimoniohistorico	Dotación de herramientas y materiales para la conservación de bienes culturales	01/01/2015	enpreparacion	activo		Dotación de herramientas y materiales para la conservación de bienes culturales Dotación de herramientas y materiales a las Áreas de Conservación de los museos dependientes de la Dirección Nacional  		1720000.0			14 Conservación de Bienes Culturales 	DNIC
225	patrimoniohistorico	Publicación y Distribución de material bibliográfico sobre conservación.	01/01/2015	enpreparacion	activo		Publicación y Distribución de material bibliográfico sobre conservación. Grabado e impresión de manuales y protocolos especializados para difusión / Difusión del material (envío postal) 		99500.0			14 Conservación de Bienes Culturales 	DNIC
275	patrimoniohistorico	Relevamientos nacionales	01/01/2015	enpreparacion	activo		Relevamientos nacionales Relevamiento de las condiciones, capacidades y recursos de conservación; y relevamiento de Riesgos para el patrimonio cultural 		30000.0			14 Conservación de Bienes Culturales 	DNIC
280	patrimoniohistorico	Seminario Regional de Gestión de Riesgo en Instituciones con Bienes Culturales 	01/01/2015	enpreparacion	activo		Seminario Regional de Gestión de Riesgo en Instituciones con Bienes Culturales  Realización del Seminario Regional de Gestión de Riesgo en Instituciones con Bienes Culturales   		560000.0			14 Conservación de Bienes Culturales 	DNIC
288	patrimoniohistorico	Tutoriales audiovisuales	01/01/2015	enpreparacion	activo		Tutoriales audiovisuales Realización de tutoriales audiovisuales para la difusión de las buenas practicas de conservación de bienes culturales 		22000.0			14 Conservación de Bienes Culturales 	DNIC
211	fortalecimiento	Programa Social Andrés Chazarreta	01/01/2015	enpreparacion	activo		Ensambles musicales de repertorio popular, argentino y latinoamericano, dedicado a jóvenes y niños. Se realiza con el apoyo de la fundación Banco de la Nación Argentina y se articula con distintos gobiernos municipales. Capacitaciones. Encuentros. Conciertos.		1800000.0			14 Programa Social Andrés Chazarreta 	DNA
65	museos	Comisión Nacional De La Manzana De Las Luces	01/01/2015	enpreparacion	activo		Comisión Nacional De La Manzana De Las Luces 		2000000.0			15 Organismos dependientes de la DNPYM 	DNIC
83	museos	Direcion De Artes Visuales	01/01/2015	enpreparacion	activo		Direcion De Artes Visuales 		2036500.0			15 Organismos dependientes de la DNPYM 	DNIC
99	museos	Estancia Jesuítica De Jesús Maria - Museo Jesuítico Nacional	01/01/2015	enpreparacion	activo		Estancia Jesuítica De Jesús Maria - Museo Jesuítico Nacional 		1580000.0			15 Organismos dependientes de la DNPYM 	DNIC
127	museos	Instituto Nacional De Antropología Y Pensamiento Latinoamericano	01/01/2015	enpreparacion	activo		Instituto Nacional De Antropología Y Pensamiento Latinoamericano 		5800000.0			15 Organismos dependientes de la DNPYM 	DNIC
128	museos	Instituto Nacional De Estudios De Teatro	01/01/2015	enpreparacion	activo		Instituto Nacional De Estudios De Teatro 		80659.0			15 Organismos dependientes de la DNPYM 	DNIC
158	museos	Museo Casa De Ricardo Rojas	01/01/2015	enpreparacion	activo		Museo Casa De Ricardo Rojas 		1500000.0			15 Organismos dependientes de la DNPYM 	DNIC
159	museos	Museo Casa De Rogelio Yrurtia	01/01/2015	enpreparacion	activo		Museo Casa De Rogelio Yrurtia 		1047798.0			15 Organismos dependientes de la DNPYM 	DNIC
160	museos	Museo Casa Historica De La Independencia	01/01/2015	enpreparacion	activo		Museo Casa Historica De La Independencia 		3000000.0			15 Organismos dependientes de la DNPYM 	DNIC
162	museos	Museo Histórico Del Norte	01/01/2015	enpreparacion	activo		Museo Histórico Del Norte 		1783150.0			15 Organismos dependientes de la DNPYM 	DNIC
163	museos	Museo Histórico Nacional 	01/01/2015	enpreparacion	activo		Museo Histórico Nacional  		8160200.0			15 Organismos dependientes de la DNPYM 	DNIC
164	museos	Museo Historico Nacional Del Cabildo Y La Revolución De Mayo	01/01/2015	enpreparacion	activo		Museo Historico Nacional Del Cabildo Y La Revolución De Mayo 		3270900.0			15 Organismos dependientes de la DNPYM 	DNIC
165	museos	Museo Histórico Nacional - Proyecto de exposición obras del pintor José Gil de Castro Perú/Chile/Argentina	01/01/2015	enpreparacion	activo		Museo Histórico Nacional - Proyecto de exposición obras del pintor José Gil de Castro Perú/Chile/Argentina 		1100000.0			15 Organismos dependientes de la DNPYM 	DNIC
166	museos	Museo Historico Sarmiento	01/01/2015	enpreparacion	activo		Museo Historico Sarmiento 		1189990.0			15 Organismos dependientes de la DNPYM 	DNIC
167	museos	Museo Malvinas E Islas Del Atlantico Sur	01/01/2015	enpreparacion	activo		Museo Malvinas E Islas Del Atlantico Sur 		5000000.0			15 Organismos dependientes de la DNPYM 	DNIC
168	museos	Museo Mitre	01/01/2015	enpreparacion	activo		Museo Mitre 		580000.0			15 Organismos dependientes de la DNPYM 	DNIC
169	museos	Museo Nacional De Arte Decorativo	01/01/2015	enpreparacion	activo		Museo Nacional De Arte Decorativo 		1200000.0			15 Organismos dependientes de la DNPYM 	DNIC
170	museos	Museo Nacional De Arte Oriental	01/01/2015	enpreparacion	activo		Museo Nacional De Arte Oriental 		300000.0			15 Organismos dependientes de la DNPYM 	DNIC
171	museos	Museo Nacional De La Historia Del Traje	01/01/2015	enpreparacion	activo		Museo Nacional De La Historia Del Traje 		600000.0			15 Organismos dependientes de la DNPYM 	DNIC
172	museos	Museo Nacional Del Grabado	01/01/2015	enpreparacion	activo		Museo Nacional Del Grabado 		1250000.0			15 Organismos dependientes de la DNPYM 	DNIC
173	museos	Museo Nacional “ESTANCIA Jesuítica De Alta Gracia Y Casa Del Virrey Liniers”	01/01/2015	enpreparacion	activo		Museo Nacional “ESTANCIA Jesuítica De Alta Gracia Y Casa Del Virrey Liniers” 		2808800.0			15 Organismos dependientes de la DNPYM 	DNIC
174	museos	Museo Regional De Pintura “JOSE Terry”	01/01/2015	enpreparacion	activo		Museo Regional De Pintura “JOSE Terry” 		1248000.0			15 Organismos dependientes de la DNPYM 	DNIC
175	museos	Museo Roca	01/01/2015	enpreparacion	activo		Museo Roca 		350000.0			15 Organismos dependientes de la DNPYM 	DNIC
176	fortalecimiento	Museo Y Biblioteca Casa Natal De Sarmiento	01/01/2015	enpreparacion	activo		Museo Y Biblioteca Casa Natal De Sarmiento 		1736980.0			15 Organismos dependientes de la DNPYM 	DNIC
177	fortalecimiento	Museo Y Biblioteca De La Casa Del Acuerdo De San Nicolás	01/01/2015	enpreparacion	activo		Museo Y Biblioteca De La Casa Del Acuerdo De San Nicolás 		850000.0			15 Organismos dependientes de la DNPYM 	DNIC
194	museos	Palacio San José-Museo Y Monumento Nacional Justo Jose De Urquiza	01/01/2015	enpreparacion	activo		Palacio San José-Museo Y Monumento Nacional Justo Jose De Urquiza 		3000000.0			15 Organismos dependientes de la DNPYM 	DNIC
210	orquesta	Programa Orq. Típicas "Aníbal Troilo"	01/01/2015	enpreparacion	activo		Capacitaciones y presentaciones.		745000.0			15 Programa Orq. Típicas "Aníbal Troilo" 	DNA
193	palacionacartes	Palacio Nacional de las Artes	01/01/2015	enpreparacion	activo				25712800.0			16 Palacio Nacional de las Artes 	DNA
28	fortalecimiento	Cajita de Música	01/01/2015	enpreparacion	activo		Convenio de colaboración entre el Ministerio de Cultura, el Ministerio de Educación y el Fondo Nacional de las Artes, con objeto de capacitar docentes de música en distintas ciudades del país. 		400000.0			17 Cajita de Música 	DNA
294	fortalecimiento	Yo tengo tantos hermanos	01/01/2015	enpreparacion	activo		Ciclo itinerantes de homenaje a grandes compositores de la música y de la poesía folklóricas. Durante el año 2015, las figuras sobre las cuales se trabajará serán Hamlet Lima Quintana y Armando Tejada Gómez. La actividad se desarrolla a lo largo de todo el país.		600000.0			18 Yo tengo tantos hermanos 	DNA
120	encuentroregional	Generación XXI	01/01/2015	enpreparacion	activo		Estímulo a los jóvenes valores del folklore. Se desarrolla a través de encuentros regionales en los que tienen lugar conferencias, mesas redondas, talleres, conciertos, muestras, etc.		900000.0			19 Generación XXI 	DNA
147	patrimonioedilicio	Modernización del equipo de restauración-Materiales y Herramientas de Rest.Edilicia	01/01/2015	enpreparacion	activo		Modernización del equipo de restauración Materiales y Herramientas Restauración edilicia 		292685.0			2 Área de Patrimonio Edilicio 	DNIC
148	patrimonioedilicio	Modernización del equipo de restauración-Materiales y Herramientas Rest. Mural	01/01/2015	enpreparacion	activo		Modernización del equipo de restauración Materiales y Herramientas Restauración mural 		142233.0			2 Área de Patrimonio Edilicio 	DNIC
161	patrimonioedilicio	MUSEO EL TRAJE-Reparación de cubiertas	01/01/2015	enpreparacion	activo		MUSEO EL TRAJE Reparación de cubiertas 		539602.0			2 Área de Patrimonio Edilicio 	DNIC
226	patrimonioedilicio	Puesta en valor del MUSEO CASA DEL ACUERDO DE SAN NICOLAS-Cambio de Cubiertas edicicio histórico.Reemplazo Cielorasos	01/01/2015	enpreparacion	activo		Puesta en valor del MUSEO CASA DEL ACUERDO DE SAN NICOLAS Cambio de cubiertas edificio histórico. Reemplazo cielorasos  		628597.0			2 Área de Patrimonio Edilicio 	DNIC
227	patrimonioedilicio	Puesta en valor del MUSEO CASA DEL ACUERDO DE SAN NICOLAS-Reparación cubiertas edificio Anexo	01/01/2015	enpreparacion	activo		Puesta en valor del MUSEO CASA DEL ACUERDO DE SAN NICOLAS Reparación cubiertas edificio Anexo                                		180000.0			2 Área de Patrimonio Edilicio 	DNIC
228	patrimonioedilicio	Puesta en valor del MUSEO CASA DEL ACUERDO DE SAN NICOLAS-Rep.tendido eléctrico, iluminación	01/01/2015	enpreparacion	activo		Puesta en valor del MUSEO CASA DEL ACUERDO DE SAN NICOLAS Reparación tendido eléctrico y cambio iluminación. Iluminación de emergencia 		450800.0			2 Área de Patrimonio Edilicio 	DNIC
229	patrimonioedilicio	Puesta en valor del MUSEO CASA DEL ACUERDO DE SAN NICOLAS-Restauración acceso salas e int.	01/01/2015	enpreparacion	activo		Puesta en valor del MUSEO CASA DEL ACUERDO DE SAN NICOLAS Restauración carpinterías acceso salas e interiores 		70000.0			2 Área de Patrimonio Edilicio 	DNIC
230	patrimonioedilicio	Puesta en valor del MUSEO CASA DEL ACUERDO DE SAN NICOLAS-Sistema CCTV	01/01/2015	enpreparacion	activo		Puesta en valor del MUSEO CASA DEL ACUERDO DE SAN NICOLAS Sistema CCTV. Adecuación sistema de incendio, señaletica y plan de evacuación.                        		126000.0			2 Área de Patrimonio Edilicio 	DNIC
232	patrimonioedilicio	Puesta en valor del MUSEO DE LA ESTANCIA JESUITICA DE ALTA GRACIA-Proyecto arqueológico	01/01/2015	enpreparacion	activo		Puesta en valor del MUSEO DE LA ESTANCIA JESUITICA DE ALTA GRACIA Proyecto arqueológico, arquitectónico e iluminación para exhibición de los restos arqueológicos  		450000.0			2 Área de Patrimonio Edilicio 	DNIC
233	patrimonioedilicio	Puesta en Valor del Palacio San José - Puesta en valor capilla	01/01/2015	enpreparacion	activo		Puesta en Valor del Palacio San José - Museo y Monumento Historico Nacional J. Jose de Urquiza - Restauración de Bienes, Arqueologia y Museologia Puesta en valor Capilla: Muros, Submuración, Humedades, Instalaciones: Eléctricas, CCTV e Iluminación 		3045658.0			2 Área de Patrimonio Edilicio 	DNIC
234	patrimonioedilicio	Puesta en valor, recuperacion edilia y nuevas obras en el MUSEO HISTORICO DEL CABILDO Y DE LA REVOLUCION DE MAYO-Andamios para la realización de trabajos de pintura y refacción	01/01/2015	enpreparacion	activo		Puesta en valor, recuperacion edilia y nuevas obras en el MUSEO HISTORICO DEL CABILDO Y DE LA REVOLUCION DE MAYO Andamios para la realización de trabajos de pintura y refacción 		235345.0			2 Área de Patrimonio Edilicio 	DNIC
235	patrimonioedilicio	Puesta en valor, recuperacion edilicia y nuevas obras en el MUSEO HISTORICO DEL CABILDO Y DE LA REVOLUCION DE MAYO	01/01/2015	enpreparacion	activo		Recalce de muro de sector administrativo  		134605.0			2 Área de Patrimonio Edilicio 	DNIC
236	patrimonioedilicio	Puesta y Recuperación Edilicia del  Museo Mitre-Adecuación instalación eléctrica	01/01/2015	enpreparacion	activo		Puesta y Recuperación Edilicia del  Museo Mitre Adecuación instalación eléctrica 		22590.0			2 Área de Patrimonio Edilicio 	DNIC
237	patrimonioedilicio	Puesta y Recuperación Edilicia del  Museo Mitre-Asistencia para aire acondicionado  	01/01/2015	enpreparacion	activo		Puesta y Recuperación Edilicia del  Museo Mitre Asistencia para aire acondicionado    		8000.0			2 Área de Patrimonio Edilicio 	DNIC
238	patrimonioedilicio	Puesta y Recuperación Edilicia del  Museo Mitre-Control de humedades ascendentes 	01/01/2015	enpreparacion	activo		Puesta y Recuperación Edilicia del  Museo Mitre Control de humedades ascendentes  		198000.0			2 Área de Patrimonio Edilicio 	DNIC
239	patrimonioedilicio	Puesta y Recuperación Edilicia del  Museo Mitre-Intervención en el patio principal 	01/01/2015	enpreparacion	activo		Puesta y Recuperación Edilicia del  Museo Mitre Intervención en el patio principal  		424570.0			2 Área de Patrimonio Edilicio 	DNIC
240	patrimonioedilicio	Puesta y Recuperación Edilicia del  Museo Mitre-Puesta en valor de la fachada 	01/01/2015	enpreparacion	activo		Puesta y Recuperación Edilicia del  Museo Mitre Puesta en valor de la fachada  		116728.0			2 Área de Patrimonio Edilicio 	DNIC
241	patrimonioedilicio	Puesta y Recuperación Edilicia del  Museo Mitre-Reparación Terrazas	01/01/2015	enpreparacion	activo		Puesta y Recuperación Edilicia del  Museo Mitre Reparación Terrazas 		1247905.0			2 Área de Patrimonio Edilicio 	DNIC
247	patrimonioedilicio	Rec de la ESTANCIA JESUITICA JESUS MARIA-Adecuacion instalacion electrica	01/01/2015	enpreparacion	activo		Recuperación de la ESTANCIA JESUITICA JESUS MARIA Adecuacion de la instalacion electrica 		1680000.0			2 Área de Patrimonio Edilicio 	DNIC
248	patrimonioedilicio	Rec de la ESTANCIA JESUITICA JESUS MARIA-Puesta en valor y recuperacion de cubiertas	01/01/2015	enpreparacion	activo		Recuperación de la ESTANCIA JESUITICA JESUS MARIA Puesta en valor y recuperacion de cubiertas 		3000000.0			2 Área de Patrimonio Edilicio 	DNIC
249	patrimonioedilicio	Rec de la ESTANCIA JESUITICA JESUS MARIA-Tratamiento de humedades ascendentes	01/01/2015	enpreparacion	activo		Recuperación de la ESTANCIA JESUITICA JESUS MARIA Tratamiento de humedades ascendentes 		355085.0			2 Área de Patrimonio Edilicio 	DNIC
250	patrimonioedilicio	Rec.Edilicia MUSEO HISTORICO DEL CABILDO-Impermeabilización de cubierta de depósito 	01/01/2015	enpreparacion	activo		Puesta en valor, recuperacion edilia y nuevas obras en el MUSEO HISTORICO DEL CABILDO Y DE LA REVOLUCION DE MAYO Impermeabilización de cubierta de depósito  		91117.0			2 Área de Patrimonio Edilicio 	DNIC
251	patrimonioedilicio	Rec. Edilicia MUSEO HISTORICO DEL CABILDO -Módulo exhibición  muro arqueológico .Acceso sector administrativo	01/01/2015	enpreparacion	activo		Puesta en valor, recuperacion edilia y nuevas obras en el MUSEO HISTORICO DEL CABILDO Y DE LA REVOLUCION DE MAYO Módulo exhibición  muro arqueológico .Acceso sector administrativo 		307215.0			2 Área de Patrimonio Edilicio 	DNIC
252	patrimonioedilicio	Rec sede MC Alsina-Adquisición de andamio	01/01/2015	enpreparacion	activo		Recuperación de la sede del Ministerio de Cultura - EDIFICIO ALSINA 1169 Adquisicion de andamio para restauración friso y materiales 		64500.0			2 Área de Patrimonio Edilicio 	DNIC
253	patrimonioedilicio	Recuperación de la ESTANCIA JESUITICA JESUS MARIA-Actualizacion de la museología	01/01/2015	enpreparacion	activo		Recuperación de la ESTANCIA JESUITICA JESUS MARIA Actualizacion de la museología 		1500000.0			2 Área de Patrimonio Edilicio 	DNIC
254	patrimonioedilicio	Recuperación de la ESTANCIA JESUITICA JESUS MARIA-Puesta en valor de la capilla	01/01/2015	enpreparacion	activo		Recuperación de la ESTANCIA JESUITICA JESUS MARIA Puesta en valor de la capilla 		7200000.0			2 Área de Patrimonio Edilicio 	DNIC
255	patrimonioedilicio	Recuperación de la ESTANCIA JESUITICA JESUS MARIA-Saneamiento de instalación pluvial.	01/01/2015	enpreparacion	activo		Recuperación de la ESTANCIA JESUITICA JESUS MARIA Saneamiento de instalación pluvial. 		4500000.0			2 Área de Patrimonio Edilicio 	DNIC
256	patrimonioedilicio	Recuperación de la sede del MC  ALSINA- Compra de Equipamiento oficina	01/01/2015	enpreparacion	activo		Recuperación de la sede del Ministerio de Cultura - EDIFICIO ALSINA 1169 Compra de Equipamiento oficina 		150000.0			2 Área de Patrimonio Edilicio 	DNIC
257	patrimonioedilicio	Recuperación de la sede del MC Alsina - Instalación Aire Acondicionado	01/01/2015	enpreparacion	activo		Recuperación de la sede del Ministerio de Cultura - EDIFICIO ALSINA 1169 Instalación eléctrica para aire acondicionado  		27830.0			2 Área de Patrimonio Edilicio 	DNIC
258	patrimonioedilicio	Recuperación de la sede MC Alsina-Cambio Iluminación	01/01/2015	enpreparacion	activo		Recuperación de la sede del Ministerio de Cultura - EDIFICIO ALSINA 1169 Cambio iluminación 		35000.0			2 Área de Patrimonio Edilicio 	DNIC
259	patrimonioedilicio	Recuperación del MUSEO Histórico Sarmiento-Adecuación del sistema de AA-Insal electr y fza motriz	01/01/2015	enpreparacion	activo		Recuperación del MUSEO Histórico Sarmiento Adecuacion del sistema de aire acondicionado. Adecuación Instalación eléctrica y Fuerza Motriz. 		530000.0			2 Área de Patrimonio Edilicio 	DNIC
260	patrimonioedilicio	Recuperación del MUSEO ROCA-restauraciónes carpintería de madera.	01/01/2015	enpreparacion	activo		Recuperación del MUSEO ROCA restauraciónes carpintería de madera.  		19300.0			2 Área de Patrimonio Edilicio 	DNIC
261	patrimonioedilicio	Recuperación de MC Alsina-Reparación ventana	01/01/2015	enpreparacion	activo		Recuperación de la sede del Ministerio de Cultura - EDIFICIO ALSINA 1169 Reparación ventana.Colocación  vidrio de seguridad  		76087.0			2 Área de Patrimonio Edilicio 	DNIC
262	patrimonioedilicio	Recuperación edilicia del MUSEO CASA DE YRURTIA-Para reparaciónd e  fachadas	01/01/2015	enpreparacion	activo		Recuperación edilicia del MUSEO CASA DE YRURTIA Análisis de muestras de revoques para restauración de fachadas          		8700.0			2 Área de Patrimonio Edilicio 	DNIC
263	patrimonioedilicio	Recuperación edilicia del MUSEO CASA DE YRURTIA-Puesta en valor de las fachadas                  	01/01/2015	enpreparacion	activo		Recuperación edilicia del MUSEO CASA DE YRURTIA Puesta en valor de las fachadas                   		3115000.0			2 Área de Patrimonio Edilicio 	DNIC
264	patrimonioedilicio	Recuperación edilicia del MUSEO CASA DE YRURTIA-Reparación  de cubiertas 	01/01/2015	enpreparacion	activo		Recuperación edilicia del MUSEO CASA DE YRURTIA Reparación  de cubiertas                                                          		1200000.0			2 Área de Patrimonio Edilicio 	DNIC
265	patrimonioedilicio	Recuperación Edilicia del MUSEO HISTORICO DEL NORTE-Trabajos en medianera	01/01/2015	enpreparacion	activo		Recuperación Edilicia del MUSEO HISTORICO DEL NORTE  Trabajos en medianera 		100000.0			2 Área de Patrimonio Edilicio 	DNIC
266	patrimonioedilicio	Recuperación Edilicia del MUSEO HISTORICO NACIONAL -Adecuación de Instalación eléctrica-Etapa 1	01/01/2015	enpreparacion	activo		Recuperación Edilicia del MUSEO HISTORICO NACIONAL  Adecuación de la instalación eléctrica, sistema de iluminación Etapa 1 		1800000.0			2 Área de Patrimonio Edilicio 	DNIC
267	patrimonioedilicio	Recuperación Edilicia del MUSEO HISTORICO NACIONAL -Adecuación de la instalación eléctrica	01/01/2015	enpreparacion	activo		Recuperación Edilicia del MUSEO HISTORICO NACIONAL  Adecuación de la instalación eléctrica, sistema de iluminación Etapa 2 		1400000.0			2 Área de Patrimonio Edilicio 	DNIC
268	patrimonioedilicio	Recuperación Edilicia del MUSEO HISTORICO NACIONAL -Puesta en valor de espacios interiores, plafones y cielorrasos	01/01/2015	enpreparacion	activo		Recuperación Edilicia del MUSEO HISTORICO NACIONAL  Puesta en valor de espacios interiores, plafones y cielorrasos 		800000.0			2 Área de Patrimonio Edilicio 	DNIC
269	patrimonioedilicio	Recuperación Edilicia del MUSEO HISTORICO NACIONAL - Reparación y adecuación de cubiertas y cielorrasos Galería	01/01/2015	enpreparacion	activo		Recuperación Edilicia del MUSEO HISTORICO NACIONAL  Reparación y adecuación de cubiertas y cielorrasos Galería, verificación  de instalación de desagües pluviales e instalacióneléctrica. Reparación y puesta en Valor de los Copones 		350000.0			2 Área de Patrimonio Edilicio 	DNIC
270	patrimonioedilicio	Recuperación Edilicia del MUSEO HISTORICO NACIONAL - Reparación y adecuación de cubiertas y de instalación de desagües pluviales	01/01/2015	enpreparacion	activo		Recuperación Edilicia del MUSEO HISTORICO NACIONAL  Reparación y adecuación de cubiertas y de la instalación de desagües pluviales        		1662691.0			2 Área de Patrimonio Edilicio 	DNIC
271	patrimonioedilicio	Recuperación edilicia MUSEO HISTORICO DEL CABILDO-Nuevos Baños y oficina de seguridad	01/01/2015	enpreparacion	activo		Puesta en valor, recuperacion edilia y nuevas obras en el MUSEO HISTORICO DEL CABILDO Y DE LA REVOLUCION DE MAYO Nuevos baños y oficina de seguridad en patio      		1182395.0			2 Área de Patrimonio Edilicio 	DNIC
272	patrimonioedilicio	Recuperación Sede MC Alsina-Restauración estucos Hall	01/01/2015	enpreparacion	activo		Recuperación de la sede del Ministerio de Cultura - EDIFICIO ALSINA 1169 Restauración de estucos Hall                                                                     		53324.0			2 Área de Patrimonio Edilicio 	DNIC
25	banda	Banda Sinfónica de Ciegos	01/01/2015	enpreparacion	activo		Conciertos y actividades extraordinarias 		1000000.0			2 Banda Sinfónica de Ciegos 	DNA
102	fomentointl	Exporta Cultura	01/01/2015	enpreparacion	activo	Aduana y Correo Argentino	Articulación con Aduana y Correo Argentino para configurar un programa orientado a brindar servicios a emprendedores, micro y pequeñas empresas del sector cultural a fin de que puedan acceder a mercados internacionales.		50000.0			2 Fomento Internacional 	SGC
111	fomentointl	Fomento de Importaciones y Exportaciones Temporarias	01/01/2015	enpreparacion	activo		Acciones tendientes a operativizar los acuerdos internacionales en términos de comercialización de bienes y servicios culturales a nivel regional.		50000.0			2 Fomento Internacional 	SGC
287	fomentointl	Tratamiento de visas culturales 	01/01/2015	enpreparacion	activo		Trámite de exención de visados para trabajadores de la cultura y el arte a nivel regional.		50000.0			2 Fomento Internacional 	SGC
213	encuentroregional	Promoción del Tango	01/01/2015	enpreparacion	activo		Encuentros regionales de cantores y bailarines llegados a las ciudades cabecera para recibir una capacitación intensiva a cargo de músicos, bailarines y docentes de prestigio convocados a tal efecto. La actividad concluye con un gran encuentro nacional.		1500000.0			20 Promoción del Tango 	DNA
178	fortalecimiento	Música contemporánea	01/01/2015	enpreparacion	activo		Producción de conciertos y óperas de los siglos XX y XXI. Incluye la convocatoria a compositores, cantantes y músicos para su realización. La actividad se desarrolla centralmente en el Centro Nacional de la Música aunque existe la intención de darle un crecimiento abriéndolo a salas de mayor convocatoria.		1100000.0			21 Música contemporánea 	DNA
199	ciclos	Plan Federal de Ópera y Danza	01/01/2015	enpreparacion	activo		Coproducciones de espectáculos de ópera y ballet, en muchos casos con un formato camarístico. Se realiza a través de convenios con provincias, teatros regionales o municipalidades que permiten un mejor aprovechamiento de los recursos. La Dirección Nacional de Artes aporta la conducción artística, la puesta y el sostén económico de los artistas participantes.		1100000.0			22 Plan Federal de Ópera y Danza 	DNA
79	legislacioncultural	Derecho a la música y arte en las cárceles	01/01/2015	enpreparacion	activo		Talleres de música y canto para presos de diferentes unidades penales y para pacientes de institutos de atención psiquiátrica. Participan docentes contratados a tal efecto. Eventualmente, se realizan actividades especiales con la presencia de artistas contratados o con integrantes de los cuerpos estables de la DNA.		700000.0			23 Derecho a la música y arte en las cárceles 	DNA
198	coro	Plan coral nacional	01/01/2015	enpreparacion	activo		Desarrollo de la actividad coral amateur. Se manifiesta a través de conciertos, encuentros y talleres de capacitación para cantantes y directores.		530000.0			24 Plan coral nacional 	DNA
179	fortalecimiento	Música en plural	01/01/2015	enpreparacion	activo		Conciertos de música clásica en formato camarístico que se producen en iglesias, clubes y centros culturales de la ciudad de Buenos Aires.		200000.0			25 Música en plural 	DNA
63	fortalecimiento	CIMAP	01/01/2015	enpreparacion	activo		Creadores e intérpretes de la música argentina en piano”. Formación y capacitación en música popular argentina de jóvenes pianistas con formación superior. Producción, divulgación y archivo de versiones originales para piano solo y para ensamble de cámara sobre las formas y ritmos de la música popular de raíz rural y ciudadana.		700000.0			26 CIMAP 	DNA
109	encuentrointl	Festival Guitarras del Mundo	01/01/2015	enpreparacion	activo		Encuentro de la guitarra a nivel mundial organizado por el Ministerio de Cultura y por la Unión del Personal Civil de la Nación (UPCN), bajo la dirección artística de Juan Falú. Se realiza durante doce 12 días a lo largo y a lo ancho de todo el país con la participación de más de 300 artistas nacionales e internacionales y la realización de más de 300 conciertos		120000.0			27 Festival Guitarras del Mundo 	DNA
192	orquesta	Orquestas Típicas	01/01/2015	enpreparacion	activo		Encuentro de la guitarra a nivel mundial organizado por el Ministerio de Cultura y por la Unión del Personal Civil de la Nación (UPCN), bajo la dirección artística de Juan Falú. Se realiza durante doce 12 días a lo largo y a lo ancho de todo el país con la participación de más de 300 artistas nacionales e internacionales y la realización de más de 300 conciertos		110000.0			28 Orquestas Típicas 	DNA
87	encuentrointl	El Guitarrazo	01/01/2015	enpreparacion	activo		Actividad dedicada a fortalecer el mayor ensamble de guitarras del país. El mismo se conformó a partir del festival Guitarras del Mundo y, con 20 años de trayectoria reúne a más de 30 guitarristas.		110000.0			29 El Guitarrazo 	DNA
67	fortalecimiento	Compañía Nacional de Danza Contemporánea	01/01/2015	enpreparacion	activo		Conciertos y actividades extraordinarias 		2500000.0			3 Compañía Nacional de Danza Contemporánea 	DNA
53	ciclos	Ciclo Charangos en Argentina	01/01/2015	enpreparacion	activo		Organizado por la Dirección de Nacional de Artes  y la Asociación Charango Argentina. Se realizan conciertos en el Centro Nacional de la Música con la participación de los principales cultores del instrumento y alumnos de los talleres de los municipios de Morón y Hurlingham.		110000.0			30 Ciclo Charangos en Argentina 	DNA
242	fortalecimiento	Que nadie se quede afuera	01/01/2015	enpreparacion	activo		Activididad didáctica de estímulo en la música. Se realiza en escuelas del Gran Buenos Aires.		200000.0			31 Que nadie se quede afuera 	DNA
180	encuentroregional	Música interior	01/01/2015	enpreparacion	activo		Festival federal de música de raíz folklórica. Encuentros de artistas, clases magistrales, charlas, conciertos en las capitales de provincia de todo el país que concluyen primero en los puntos cabeceras de las cinco regiones de la Argentina y, finalmente, en un encuentro de tres días en la ciudad cabecera a determinar. Involucra a más de 130 artistas que conformarán agrupaciones camarísticas originales y con conformaciones instrumentales diversas.		5000000.0			32 Música interior 	DNA
107	encuentroregional	Festival de la Canción	01/01/2015	enpreparacion	activo		Encuentro nacional con “la canción” como eje a lo largo de una semana. Atraviesa géneros, estilos, repertorios y artistas. Habrá una actividad central en una ciudad capital, conciertos en otros puntos del país y un concurso de nuevas canciones seleccionadas por un jurado de notables (músicos, cantantes, periodistas, etc.)		1500000.0			33 Festival de la Canción 	DNA
106	encuentrointl	Festival de jazz latino	01/01/2015	enpreparacion	activo		Encuentro de 3 o 4 conciertos con la presencia de figuras destacadas de la fusión del jazz con géneros regionales, tanto de Argentina como de Latinoamérica. Las actividades se desarrollarán en una sala importante; eventualmente podría ser Tecnópolis.		2000000.0			34 Festival de jazz latino 	DNA
181	encuentrointl	Músicas del Sur	01/01/2015	enpreparacion	activo		Encuentro de músicos brasileños, argentinos y uruguayos. Tendrá lugar durante una semana en el teatro Caras y Caretas. Participarán, entre otros, Arthur de Faría, Liliana Herrero, Toninho Ferragutti, Martín Buscaglia, Fernando Cabrera, Leo Maslíah, Chancho a Cuerda, Surdomundo Imposible Orquesta, Hugo Fattoruso, etc.		1300000.0			35 Músicas del Sur 	DNA
187	infancia	Ópera para niños	01/01/2015	enpreparacion	activo		Dos producciones dedicadas al público infantil. Los títulos serían “El niño y los sortilegios” de Ravel, en colaboración con la Embajada de Francia, y “Pollicino”. Régie de Marcelo Lombardero. La sala ideal para estas actividades sería “La Ballena” en el C.C. Néstor Kirchner. Fecha estimada: vacaciones de invierno.		4500000.0			36 Ópera para niños 	DNA
190	orquesta	Orquesta San Martín	01/01/2015	enpreparacion	activo		Programa de estímulo a la actividad sinfónica juvenil con la dirección artística de Mario Benzecry. Se desarrolla a través de ensayos, conciertos y participaciones especiales.		200000.0			37 Orquesta San Martín 	DNA
59	fortalecimiento	Ciclo horacio Lavandera con orquestas sinfónicas jueveniles	01/01/2015	enpreparacion	activo		Clínicas, ensayos y conciertos por ciudades del interior por el maestro Horacio Lavandera.		1800000.0			38 Ciclo horacio Lavandera con orquestas sinfónicas jueveniles 	DNA
68	evento	Concierto homenaje a Luis Alberto Spinetta	01/01/2015	enpreparacion	activo		Concierto con la participación de músicos pertenecientes a sus distintas formaciones y cierre A cargo de orquesta sinfónica y reconocidos cantantes con dirección y arreglos del Maestro Carlos Franzetti.		2000000.0			39 Concierto homenaje a Luis Alberto Spinetta 	DNA
11	patrimoniohistorico	Adquisición de equipamiento fotográfico e informático	01/01/2015	enpreparacion	activo		Adquisición de equipamiento fotográfico e informático (PC, scaner, notebook, cámara fotográfica,  etc.) para la identificación y registro de bienes culturales, de dominio público o privado que estén en situación de riesgo de tráfico ilícito.  		350000.0			4 Área de Protección de Bienes Culturales 	DNIC
15	patrimoniohistorico	Asesoramiento juridico-Personal para redacción de normativa de protección de Bs. Culturales	01/01/2015	enpreparacion	activo		Asesoramiento juridico Contratación de profesional para la redacción de normativa de protección de bienes culturales 		250000.0			4 Área de Protección de Bienes Culturales 	DNIC
45	patrimoniohistorico	Capacitación Interinstitucional de contro de frontera sobre patrimonio cultural, reconociomiento de bienes culturales, normas y medidas prácticas y administrativas para la protección de bienes culturales	01/01/2015	enpreparacion	activo		Capacitación interinstitucional Implementación de un programa de capacitación para funcionarios de policía y de contro de frontera sobre patrimonio cultural, reconociomiento de bienes culturales, normas y medidas prácticas y administrativas para la protección de bienes culturales. Esta acción se realizará en distintas reparticiones de Policia Federal, Gendarmería Prefectura Naval y Policía de Seguridad Aeroportuaria en acuerdo con Ministerio de Seguridad. Incluye pasajes viáticos, preparación de material, organización logistica y otros. 		300000.0			4 Área de Protección de Bienes Culturales 	DNIC
47	patrimoniohistorico	Capacitación-Taller Binacional Argentina-Perú	01/01/2015	enpreparacion	activo		Capacitación Taller Binacional Argentina - Perú en la provincia de Jujuy. En cumplimiento del acuerdo ejecutivo bilateral se propone realiazar un taller en la zona de frontera de  Jujuy, lugar de tránsito de bienes exportados ilegalmente de Perú con la participacion de funcionarios aduaneros, policiales, de cultura, de control de fronteras, judiciales y otros, de ambos paises. Incluye traslados nacionales, hoteleria, alimentación, servico de catering, impresiones, material de libreria, viáticos 		300000.0			4 Área de Protección de Bienes Culturales 	DNIC
48	patrimoniohistorico	Capacitación-Talleres sobre prevención y lucha de tráfico ilícito dirigidos al público en gral. 	01/01/2015	enpreparacion	activo		Capacitaciones 6 Talleres sobre prevención y lucha contra el tráfico ilícito de bienes culturales dirigido a los organismos que conformarán el Comité Técnico Provincial de prevención y lucha contra el tráfico ilícito de bienes culturales y 6 jornadas de sensibilización dirigidas al público en general. Se realizarán en las provincias de Entre Ríos, Santa Cruz , Jujuy, Neuquén y Ciudad de Buenos Aires. (Pasajes, viaticos, impresiones, insumos de libreria, servicio de encomienda)  		500000.0			4 Área de Protección de Bienes Culturales 	DNIC
49	patrimoniohistorico	Capacitación Virtual-Prevanción del tráfico ilícito de Bs.Culturales	01/01/2015	enpreparacion	activo		Capacitación virtual Implementación de un programa de capacitación sobre prevencion del tráfico ilícito de bienes culturales en formato virtual. Incluye la producción de material didáctico y de su digitalización y su incorporación en una plataforma digital. Se incluye también la contratación de profesionales para la producción digital  del material y para su incorporación en una plataforma virtual. El programa se propone con un alcance regional de los paises de latinoamerica.   		236000.0			4 Área de Protección de Bienes Culturales 	DNIC
50	patrimoniohistorico	Capadcitación-Taller sobre prevención del tráfico ilícito destinado a funcionarios de cultura,policía,aduana,control de fronteras,jueces,abogados y fiscales	01/01/2015	enpreparacion	activo		Capacitación Taller sobre prevención del tráfico ilícito de bienes culturales destinado a funcionarios de cultura, policía, aduana, control de fronteras, jueces, abogados y fiscales. Actividad que se realizará en conjunto con otros organismos nacionales e internacionales y con cooperación internacional. (Pasajes, hoteleria, alimentación, traslados, servicio de catering, servicio de traductores, impresiones, insumos de libreria)    		450000.0			4 Área de Protección de Bienes Culturales 	DNIC
117	patrimoniohistorico	Fortalecimiento de la posición Argentina en materia de lucha contra el tráfico ilícito de Bienes Culturales-Reuniones internacionales	01/01/2015	enpreparacion	activo		Fortalecimiento de la posición Argentina en materia de lucha contra el tráfico ilícito de Binees Culturales Participación en reuniones internacionales, foros y otros referidos a la adopción de normativa internacional para la prevencón el tráfico ilícito de bienes culturales, en organizaciones como UNESCO, UNASUR , MERCOSUR INTERPOL, etc. (Pasajes, viaticos, material de difusión)  		200000.0			4 Área de Protección de Bienes Culturales 	DNIC
126	patrimoniohistorico	Impresión de desplegable-Información sobre bs.culturales argentinos con mayor riesgo de tráfico ilícito	01/01/2015	enpreparacion	activo		Impresión de desplegable  Desplegable con información de los bienes culturales argentinos con mayor riesgo de tráfico ilícito que funcionaria como herramienta de difusión y de consulta para publico general  (Servicio de impresión) 		400000.0			4 Área de Protección de Bienes Culturales 	DNIC
221	patrimoniohistorico	Publicación bilateral Arg.-Perú-	01/01/2015	enpreparacion	activo		Publicación bilateral Arg. - Perú Material informativo sobre normas de preveción y protección de bienes culturales en Argentina y Perú 		100000.0			4 Área de Protección de Bienes Culturales 	DNIC
273	patrimoniohistorico	Relanzamiento de campaña nacional de sensibilización para la protección de los bs.culturales	01/01/2015	enpreparacion	activo		Relanzamiento de campaña nacional de sensibilización para la protección de los bienes culturles Actualización de la campaña lanzada en el 2006, con actualización de imágenes e información, producción de spot publicitarios, material impreso, afichetas para pasos de frontera. 		1000000.0			4 Área de Protección de Bienes Culturales 	DNIC
74	coro	Coro Nacional de Jóvenes	01/01/2015	enpreparacion	activo		Conciertos y actividades extraordinarias 		850000.0			4 Coro Nacional de Jóvenes 	DNA
136	becasayudasubsidio	Líneas de Crédito	01/02/2015	enpreparacion	activo		Primer convocatoria a créditos para emprendedores culturales.   Una línea de crédito específica pensada y elaborada para el sector cultural será una herramienta inédita para un sector que se encuentra habitualmente excluido del sector financiero, a la vez que permitirá al Ministerio de Cultura profundizar la línea de trabajo, tendiente a la profesionalización, formalización y regularización del sector. El proyecto contempla: • Desarrollo de una Línea de Crédito Especifica para el Sector Cultural.  • Monto estimado de créditos a otorgar por año: 40 millones de pesos.  • El monto promedio a otorgar por cada préstamo se estima en los $350.000.   • La constitución de un Fondo Específico junto a Garantizar (SGR) para otorgar avales a favor de las micro, pequeñas y medianas empresas que apliquen a los créditos.  • Beneficio complementario: La línea de crédito ofrece una bonificación adicional de la tasa como beneficio directo al emprendedor cultural.  • Lanzamiento en Febrero de 2015. 	Schonfeld, Sebastian	11500000.0			4 Líneas de Crédito 	SGC
110	encuentrointl	Festival Mercosur Cultural	01/01/2015	enpreparacion	activo		Encuentro con la participación de delegaciones Chile, Ecuador, Colombia, Venezuela, Uruguay Paraguay Bolivia Brasil y Argentina. Música, Lutherias, Artesanías y Comidas.		1500000.0			40 Festival Mercosur Cultural 	DNA
88	encuentrointl	Encuentro de payadores del Mercosur	01/01/2015	enpreparacion	activo		Encuentro organizado en colaboración con la Dirección de Cooperación Internacional.		300000.0			41 Encuentro de payadores del Mercosur 	DNA
105	fiestanacional	Festival Binacional del Chamamé	01/01/2015	enpreparacion	activo		A cargo de intérpretes de nuestro litoral y el sur de Brasil.		350000.0			42 Festival Binacional del Chamamé 	DNA
2	evento	50 años del rock Argentino	01/01/2015	enpreparacion	activo		La Biblia - Vox Dei con su formación original más orquesta sinfónica y coros. Homenaje sinfónico a los pioneros del rock argentino, temas emblemáticos del rock Argentino c orquesta sinfónica, arreglos de Gustavo Gregorio y las voces más reconocidas del rock. Presentación del disco.		2300000.0			43 50 años del rock Argentino 	DNA
216	fortalecimiento	Proyecto Federal Escalandrum	01/01/2015	enpreparacion	activo		Obras de Astor Piazzolla junto a orquestas y músicos locales en diferentes lugares del país a través de conciertos talleres y master class (5 giras, aprox. 4 de ciudades).		650000.0			44 Proyecto Federal Escalandrum 	DNA
122	evento	Homanaje a Hugo Fattorusso	01/01/2015	enpreparacion	activo		Con su participación a través de distintas formaciones con invitados notables de Latinoamérica.		400000.0			45 Homanaje a Hugo Fattorusso 	DNA
90	encuentroregional	Encuentro Federal Artistico	01/01/2015	enpreparacion	activo		A realizarse en colaboración con el Congreso de la Nación. Música, artesanías y comidas de cada provincia.		1000000.0			46 Encuentro Federal Artistico 	DNA
217	fortalecimiento	Proyectos especiales con los Organismos Estables	01/01/2015	enpreparacion	activo		A realizarse en el Cultural Néstor Kirchner, Teatro Coliseo, Cervantes o ámbito similar. Acción 1: Festival de Coros: Con la participación del Coro Polifónico Nacional, Polifónico de Ciegos, Coro Nacional de Jóvenes, Coro Nacional de Niños. Acción 2: Compañía Nacional de Danza Contemporánea: Presentación de los ganadores de los concursos Ibermúsica e Iberescena. Representantes de México, Perú y Argentina. Acción 3: Presentación de la obra “Tango” con la Orquesta Filiberto y el Ballet Folklórico Nacional: Coreografía de O Araiz y vestuario de R Schusheim. Acción 4: Ópera Contemporánea. Programa a determinar. Acción 5: Ballet Folklórico Nacional: Tango, Folklore y Folklore latinoamericano. Acción 6: Orquesta Sinfónica Nacional: programación especial vinculada a la música popular. Acción 7: Encuentros de orquestas infantiles y juveniles: Con la participación del CIMAP, dirigido por Hilda Herrera y la orquesta folklórica infantil Andrés Chazarreta.   		4200000.0			47 Proyectos especiales con los Organismos Estables 	DNA
75	coro	Coro Nacional de Niños	01/01/2015	enpreparacion	activo		Conciertos y actividades extraordinarias 		700000.0			5 Coro Nacional de Niños 	DNA
3	fortalecimiento	5 Guía de Financiamiento Cultural - 2015	01/01/2015	enpreparacion	activo		Relevamiento, edición y publicación de una guía de recursos para la GC disponibles en la órbita del sector público nacional.	Schonfeld, Sebastian	300000.0			5 Herramientas de gestión cultural 	SGC
60	fortalecimiento	Ciclos de Formación y Capacitación	01/01/2015	enpreparacion	activo		Ciclos de formación para emprendedores y espacios culturales.	Schonfeld, Sebastian	150000.0			5 Herramientas de gestión cultural 	SGC
71	fortalecimiento	Convocatoria y entrega de Premios GC	01/01/2015	enpreparacion	activo		Premios a gestores culturales	Schonfeld, Sebastian	180000.0			5 Herramientas de gestión cultural 	SGC
80	fortalecimiento	Desarrollo de Software de gestión	01/01/2015	enpreparacion	activo		Planificación de artes escénicas y Diseño de proyectos culturales	Schonfeld, Sebastian	350000.0			5 Herramientas de gestión cultural 	SGC
93	fortalecimiento	Encuentros, Debates y Reflexiones sobre GC	01/01/2015	enpreparacion	activo		Encuentros de reflexión sobre gestión cultural: infancia, discapacidad y tercera edad; fondos nacionales; espacios culturales; etc.	Schonfeld, Sebastian	200000.0			5 Herramientas de gestión cultural 	SGC
200	fortalecimiento	Planificá. Acciones de capacitación para gestores culturales	01/01/2015	enpreparacion	activo		Ciclo de capacitaciones en gestión y desarrollo de proyectos.	Schonfeld, Sebastian	240000.0			5 Herramientas de gestión cultural 	SGC
20	patrimoniohistorico	Asesoría y rubrica de los planes de emergencia de los museos dependientes de la DNPM	01/01/2015	enpreparacion	activo		Asesoría y rubrica de los planes de emergencia de los museos dependientes de la DNPM.  Contratación de un profesional Lic. en seguridad e higiene para el periodo enero-diciembre 2015, para asesoramiento en la confección  y firma de planes de evacuación de los museos nacionales dependientes de la DNPM.  		192000.0			5 Preparación ante emergencias, catástrofes y sistemas de seguridad 	DNIC
40	patrimoniohistorico	Capacitaciones de Seguridad e Higiene	01/01/2015	enpreparacion	activo		Capacitaciones en Seguridad e higiene.  Jornadas de capacitación en seguridad e higiene para el personal de los museos dependientes de la DNPM. (para cumplimiento de las normas de la SRT).  		62300.0			5 Preparación ante emergencias, catástrofes y sistemas de seguridad 	DNIC
84	patrimoniohistorico	Dotación de Equipos de Protección Personal y mobiliario de seguridad	01/01/2015	enpreparacion	activo		Dotación de Equipos de Protección Personal y mobiliario de seguridad Adquisición de equipos de protección personal (EPP) para cumplimentar las normas de evacuación, planes de emergencia y la seguridad e higiene en las  Adquisición de mobiliario especifico para guarda productos químicos. Según las reglamentaciones de la SEDRONAR.  Instituciones dependientes de la DNPM 		1867000.0			5 Preparación ante emergencias, catástrofes y sistemas de seguridad 	DNIC
276	patrimoniohistorico	Relevamiento técnico de las condiciones de seguridad y salud laboral en los Museos Nacionales dependientes de la DNPM	01/01/2015	enpreparacion	activo		Relevamiento técnico de las condiciones de seguridad y salud laboral en los Museos Nacionales dependientes de la DNPM Relevamiento de las condiciones de seguridad y seguridad e higiene en los Museo Nacionales en el interior del pais 		59300.0			5 Preparación ante emergencias, catástrofes y sistemas de seguridad 	DNIC
9	articulacioninstitu	Acuerdo con el CC Haroldo Conti	01/01/2015	enpreparacion	activo		Acuerdo de colaboración con el CC Haroldo Conti.  La SGC transfiere recursos para cubrir gastos de producción de las muestras del CCHC, honorarios, gastos de logística y traslados de los artístas que participan de las muestras. 		326720.0			6 Acuerdos con otras instituciones y espacios culturales 	SGC
10	articulacioninstitu	Acuerdo con el Fondo Nacional de las Artes	01/01/2015	enpreparacion	activo		Acuerdo de colaboración con el Fondo Nacional de las Artes.  La SGC destina recursos para programas de capacitación y gastos de logística de capacitadores del FNA. 	Schonfeld, Sebastian	459000.0			6 Acuerdos con otras instituciones y espacios culturales 	SGC
77	coro	Coro Polifónico Nacional	01/01/2015	enpreparacion	activo		Conciertos y actividades extraordinarias 		2000000.0			6 Coro Polifónico Nacional 	DNA
82	patrimoniohistorico	Difusión y Promoción del patrimonio arquitectónico nacional	01/01/2015	enpreparacion	activo		Difusión y Promoción del patrimonio arquitectónico nacional Investigación, registro e identificación  de bienes inmuebles que integran el Patrimonio Arquitectónico Nacional, a cargo del CEPAN ( incluye contratos de especialistas, diseñadores, fotógrafops,  pasajes y viaticos, adquisición de insumos de librería, adquisición de equipamiento tecnolócio e informático) 		1500000.0			6 Difusión del Patrimonio 	DNIC
223	patrimoniohistorico	Publicaciones-Patrimonio Arquitectónico Arg. Tomos  3 y 4	01/01/2015	enpreparacion	activo		Publicaciones  Impresión de los tomos 3 y 4 del libro Patrimonio Arquitectónico Argentino (realizados por el CEPAN) 		1116500.0			6 Difusión del Patrimonio 	DNIC
76	coro	Coro Polifónico de Ciegos	01/01/2015	enpreparacion	activo		Conciertos y actividades extraordinarias 		800000.0			7 Coro Polifónico de Ciegos 	DNA
14	artesvisuales	Arte UNASUR	01/01/2015	enpreparacion	activo		Arte UNASUR Implementación de acciones y proyecto del eje Artes de UNASUR. Participacion en el segundo encuentro 		500000.0			7 Difusión de las Artes Visuales 	DNIC
23	artesvisuales	Ayudas y coproducciones	01/01/2015	enpreparacion	activo		Ayudas y coproducciones Ayuda económica para la realización de exposiciónes, publicaciones, participación en encuentros, congresos, etc 		900000.0			7 Difusión de las Artes Visuales 	DNIC
64	artesvisuales	Circulación de obras de arte	01/01/2015	enpreparacion	activo		Circulación de obras de arte Se implementará una plataforma web para que los ciudadanos puedan realizar el trámite desde cualquier punto del país 		150000.0			7 Difusión de las Artes Visuales 	DNIC
104	artesvisuales	Ferias Internacionales	01/01/2015	enpreparacion	activo		Ferias Internacionales Se enviarán obras de artistas argentinos seleccionados a ferias de Milán y Bologna 		1000000.0			7 Difusión de las Artes Visuales 	DNIC
202	artesvisuales	Premio MERCOSUR 	01/01/2015	enpreparacion	activo		Premio MERCOSUR  Elección del jurado, diseño de plataforma web, catálogo. Organización y difusión de evento, entrega de los premios 		500000.0			7 Difusión de las Artes Visuales 	DNIC
209	artesvisuales	Programa Editorial de Artes Visuales	01/01/2015	enpreparacion	activo		Programa Editorial de Artes Visuales Diseño editorial, selección de los proyectos, impresión 		900000.0			7 Difusión de las Artes Visuales 	DNIC
189	orquesta	Orquesta Nacional de Música Arg. Juan de Dios Filiberto	01/01/2015	enpreparacion	activo		Conciertos y actividades extraordinarias 		7000000.0			8 Orquesta Sinfónica Nacional 	DNA
191	orquesta	Orquesta Sinfónica Nacional	01/01/2015	enpreparacion	activo		Conciertos y actividades extraordinarias 		15000000.0			8 Orquesta Sinfónica Nacional 	DNA
132	patrimoniohistorico	Inventarios del PCI	01/01/2015	enpreparacion	activo		Inventarios del PCI Establecer pautas y procedimientos mínimos. Asesorar, fomentar y promover inventarios. Difundir el patrimonio cultural inmaterial de Argentina (adquisicón de pc y elementos informaticos) 		291900.0			8 Salvaguardia del Patrimonio Cultural Inmaterial 	DNIC
183	patrimoniohistorico	Nucleo Focal CRESPIAL	01/01/2015	enpreparacion	activo		Nucleo Focal CRESPIAL Participar de debates y acciones regionales. Fortalecer manifestaciones culturales de comunidades específicas presentes en el país. (pasajes y viaticos, insumos de librería) 		183700.0			8 Salvaguardia del Patrimonio Cultural Inmaterial 	DNIC
184	patrimoniohistorico	Nucleo Focal de la Convención para la Salvaguardia del Patrimonio Cultural Inmaterial Unesco 2003	01/01/2015	enpreparacion	activo		Nucleo Focal de la Convención para la Salvaguardia del Patrimonio Cultural Inmaterial Unesco 2003 Asesorar proyectos, evaluar propuestas, traducir documentos, difundir la Convención, pautar procedimientos y realizar actividades. (pasajes , viaticos, folleteria, impresiones varias, elemntos de librería) impresiones, 		100150.0			8 Salvaguardia del Patrimonio Cultural Inmaterial 	DNIC
274	patrimoniohistorico	Relevamiento de Instituciones	01/01/2015	enpreparacion	activo		Relevamiento de Instituciones Fomentar y promover la conformación de una red nacional de patrimonio cultural inmaterial (resmas, tonners) 		5000.0			8 Salvaguardia del Patrimonio Cultural Inmaterial 	DNIC
284	patrimoniohistorico	Talleres Regionales y Jornadas sobre patrimonio cultural inmaterial	01/01/2015	enpreparacion	activo		Talleres Regionales y Jornadas sobre patrimonio cultural inmaterial Fortalecimiento de capacidades para la salvaguardia del patrimonio cultural inmaterial 		168200.0			8 Salvaguardia del Patrimonio Cultural Inmaterial 	DNIC
42	patrimoniohistorico	Capacitaciones para personal de museos del territorio nacional 	01/01/2015	enpreparacion	activo		Asesoramiento y capacitación  elaboración de planes de manejo y de gestión de sitios de patrimonio mundial dependientes d ela DNPM. Incluye la contratación de especialistas en elaboración de planes de manejo, estudios de impacto y protección de sitios de patrimonio mundial. Comprende además traslados internos, viáticos, convocatoria de capacitación y organización de materiales; publicación y difusión de estudios finales.  		1200000.0			9 Patrimonio Mundial 	DNIC
4	fortalecimiento	Acciones trasversales	01/01/2015	enpreparacion	activo				700000.0			Accesibilidad 	DNIC
215	campania	Proyecto Audiolibros	01/03/2015	enpreparacion	activo				500000.0			Accesibilidad 	DNIC
61	ciclos	Ciclos de la Cultura Nacional	06/02/2015	enpreparacion	activo		Cines Teatro argentino Danza Concierto de música en el patio Otros 		800000.0			Acciones Complementarias (CNB) 	SGC
78	ciclos	Cursos Interdisciplinarios	02/01/2015	enpreparacion	activo		Dictado de cursos: Folclore, Tango, Teatro, Guitarra, Fotografía, Artes, Poesía, Otros, cronogramas a definir 		800000.0			Acciones Complementarias (CNB) 	SGC
98	ciclos	Espectáculos ATP	18/03/2015	enpreparacion	activo		"Para niños: teatro, títeres o música Para adultos a definir" 		546000.0			Acciones Complementarias (CNB) 	SGC
130	mejoragestion	Insumos varios, otros	01/01/2015	enpreparacion	activo				2900000.0			Actividades Centrales DNIC 	DNIC
1	organismosintl	1º Encuentro de Payadores (Patrimonio cultural del MERCOSUR, candidata La payada)	01/01/2015	enpreparacion	activo		Se prevee 1 Encuentro en el Municipio de Avellaneda, provincia  de Buenos Aires. 		250000.0			Acuerdos Bilaterales 	DNPM
22	organismosintl	Asistencia financiera a organismos internacionales de la Cultura	01/01/2015	enpreparacion	activo		"Se preveen hasta un total de 6 transferencias: Aporte anual al Programa iber rutas ($350.000.-). Transferencia a la OEI(Actas vigentes: Addenda al Acta 18/ Actividades de la Dirección Nacional.$600.000,00; Acta 21/ Programa Iberoamericano de Gestores Culturales/ Movilidad. $315.000,00 Acta 22/ Observatorio Iberoamericano de la Cultura (OIBC) $150.000,00 Acta 23/ Banco Interamericano de Desarrollo (BID)/ Atlas De Patrimonio E Infraestructura Cultural De Las Américas,$150.000,00 Premiación de la Edición del Premio Iberoamericano de Cuento Julio Cortázar $15.000,00 " 		1580000.0			Acuerdos Bilaterales 	DNPM
72	organismosintl	Cooperación con Instituciones académicas	01/01/2015	enpreparacion	activo		Se preveen 5 Trabajos en colaboración   		100000.0			Acuerdos Bilaterales 	DNPM
26	becasayudasubsidio	Becas y Ayudas	01/01/2015	enpreparacion	activo		En el marco del Programa se implementan convocatorias anuales en el marco de los convenios existentes con Colombia, Mèxico y Quebec.  Becas Colombia (2 residencias), México (5 residencias) Quebec (2 residencias). Las cantidades mencionadas son las mismas para los argentinos que residirán (de acuerdo a selección por convocatoria)en dichos países. 		400000.0			Becas y Ayudas 	DNPM
51	encuentroregional	CELAC	02/02/2015	enpreparacion	activo		Participar de Encuentros en el marco de la agenda de la CELAC  A través de la DNPCyCI, el Ministerio de Cultura también participa de la Reunión de Ministros de Cultura de CELAC, que se ha fusionado con el Foro de Ministros de Cultura y Encargados de Políticas Culturales de América Latina y el Caribe.   Bajo la PPT de Costa Rica, se realizó la I Reunión de Mecanismos Regionales y Subregionales del ámbito cultural en San José de Costa Rica, el día 17 de julio de 2014, en la cual el Ministerio de Cultura, a través de la DNPCyCI ha participado en calidad de Observador. 		197000.0			Bloques Multilaterales 	DNPM
66	encuentroregional	Comites de Integracion	01/01/2015	enpreparacion	activo		Participar de Encuentros en el marco de las agendas de los Comité de Integración previstos por Cancillería  Los Comités de Integración constituyen ámbitos de cooperación internacional en diferentes áreas con los países limítrofes de la Argentina. Su objetivo es el tratamiento de temas de interés mutuo, y comprenden diferentes aspectos con respecto a la problemática local. Muchos de ellos coinciden con los pasos fronterizos existentes. Existen 28 Comités en total: 3 Comités de Integración con Bolivia, 6 con Paraguay y 5 con Uruguay. En cuanto a Comités de Frontera, se han constituido 3 con Brasil, y 11 con Chile. 		215000.0			Bloques Multilaterales 	DNPM
140	encuentroregional	Mercosur Cultural	02/02/2015	enpreparacion	activo		La Secretaría del MERCOSUR Cultural  funciona en el ámbito de la Dirección Nacional de Política Cultural y Cooperación Internacional (DNPCyCI), y continuará prestando apoyo a las Presidencias Pro Témpores (PPT), así como realizando el seguimiento de los temas pendientes del MERCOSUR Cultural.		209000.0			Bloques Multilaterales 	DNPM
290	encuentroregional	UNASUR	02/02/2015	enpreparacion	activo		Participar de Encuentros en el marco de la agenda de la Unasur  El Ministerio de Cultura participa del bloque UNASUR a través de la DNPCyCI en las Reuniones de Delegados y las Reuniones de Ministros de Cultura del Consejo Suramericano de Cultura (CSC) .  Entre los principales temas de agenda del bloque UNASUR se pueden destacar: Evaluación del Plan de Acción 2013-2014, Lanzamiento del Proyecto Expreso Sur, Conclusiones del MICSUR, Presentación de nuevos proyectos y aprobación del Plan de Acción 2014-2015, aprobación y firma de la Declaración para la Lucha y Prevención del Tráfico Ilícito de Bienes Culturales y Patrimoniales, Grupo de Trabajo sobre Descolonización y Diáspora 		191000.0			Bloques Multilaterales 	DNPM
30	campania	Campaña de Verano (Verano-2015)	05/01/2015	enpreparacion	activo	Articulación con diversos ministerios y organismos	Ciclo de actividades culturales a desarrollar durante el verano 2015 (Enero y Febrero), desarrollada en cuatro líneas estratégicas: A. VERANO NACIÓN B. FIESTAS NACIONALES Y FESTIVALES PROVINCIALES C. CASA DEL BICENTENARIO D. CARNAVALES	Vitali, Franco	128040000.0	Actividades culturales en puntos estratégicos del Verano 2015	Plan de Producción ejecutivo	Campaña Verano 	SPSC
31	campania	Campaña Verano (A) Verano Nación	05/01/2015	enpreparacion	activo		Se instalará en 5 Puntos de Veraneo masivo, un mega espacio de actividades culturales, recreativas y deportivas, que estará abierto desde el 3 de Enero al 17 de Febrero, de Miércoles a Domingo de 14 hs a 24 hs * Costa Atlántica: Mar del Plata * NOA: Salta * Cuyo: Mendoza * Patagonia: Las Grutas. Calafate * Conurbano bonaerense: Ezeiza 	Vitali, Franco	1.0		Cada locación desplegará actividades a lo largo de 45 días	Campaña Verano 	SPSC
32	campania	Campaña Verano (B) Fiestas Nacionales y Festivales Provinciales	05/01/2015	enpreparacion	activo		El verano es la época del año en la que se concentran la mayor parte de las fiestas nacionales y festivales provinciales, por ser la cultura local un eje de fomento del turismo, y dar el marco a la participación de un público mayor a eventos y festividades ligados a la tradición y a la identidad local. Turismo y Cultura son dos áreas que se complementan en estas Fiestas, para promover la diversidad federal de nuestro territorio y aportar a la valorización de las culturales regionales.  En el marco de la campaña de verano se apoyará desde Presidencia a 140 Fiestas nacionales y Festivales provinciales por medio de asistencias técnicas y artísticas, y de la difusión y visibilidad de las mismas.	Vitali, Franco	1000000.0			Campaña Verano 	SPSC
33	campania	Campaña Verano (C) Casas del Bicentenario	05/01/2015	enpreparacion	activo		Las Casas de la Historia y la Cultura del Bicentenario son parte de un programa de Presidencia de la Nación, pensadas como espacios destinados al desarrollo de actividades culturales, educativas y recreativas y a la exposición permanente de diversos elementos que testimonien la historia, la actualidad y los proyectos culturales de cada comunidad. Buscan a la vez contribuir a la construcción de la identidad local, recuperando la historia de las localidades. La dinámica de actividad se concentra en los meses del ciclo lectivo, y es por ellos que es fundamental brindar en las Casas actividades culturales para toda la familia durante los meses de verano, teniendo en cuenta que en la mayoría de las localidades son los únicos espacios de acceso a actividades recreativas, y que suele ser población que no accede a centros de veraneo masivo.  Se ofrecerán actividades semanales en las 88 Casas inauguradas a la actualidad en ciclos de: - Música en vivo para publico general - Teatro para adultos - Espectáculos Infantiles - Espectáculos musicales para jóvenes con bandas emergentes - Talleres y actividades participativas - Milongas - Cine Nacional	Vitali, Franco	5630000.0			Campaña Verano 	SPSC
34	campania	Campaña Verano (D) Carnavales	05/01/2015	enpreparacion	activo		Carnavales 2015	Vitali, Franco	200000.0			Campaña Verano 	SPSC
29	culturadigital	Campaña de Instalación Pública	02/02/2015	enpreparacion	activo		Desarrollo de material editorial y audiovisual para instalación del tema en el sector. Armado de campaña de prensa. 		750000.0			Cultura Digital 	DNIC
112	culturadigital	Foro de Cultura Digital Centro	15/04/2015	enpreparacion	activo		El Foro de Cultura Digital propone debatir y avanzar hacia una agenda digital para la cultura convocando a creadores, gestores, empresarios, instituciones, organismos públicos, investigadores, académicos y demás actores del mundo de la cultura. 		560000.0			Cultura Digital 	DNIC
113	culturadigital	Foro de Cultura Digital Metropolitano	15/03/2015	enpreparacion	activo		El Foro de Cultura Digital propone debatir y avanzar hacia una agenda digital para la cultura convocando a creadores, gestores, empresarios, instituciones, organismos públicos, investigadores, académicos y demás actores del mundo de la cultura. 		560000.0			Cultura Digital 	DNIC
114	culturadigital	Foro de Cultura Digital Nacional	01/09/2015	enpreparacion	activo		El Foro de Cultura Digital propone debatir y avanzar hacia una agenda digital para la cultura convocando a creadores, gestores, empresarios, instituciones, organismos públicos, investigadores, académicos y demás actores del mundo de la cultura. 		500000.0			Cultura Digital 	DNIC
115	culturadigital	Foro de Cultura Digital Patagonia	15/02/2015	enpreparacion	activo		El Foro de Cultura Digital propone debatir y avanzar hacia una agenda digital para la cultura convocando a creadores, gestores, empresarios, instituciones, organismos públicos, investigadores, académicos y demás actores del mundo de la cultura. 		560000.0			Cultura Digital 	DNIC
219	culturadigital	Publicación	01/01/2015	enpreparacion	activo		Desarrollo, edición e impresión de un nuevo libro acerca de la temática 		450000.0			Cultura Digital 	DNIC
141	industricacultural	MICA 2015	01/06/2014	enpreparacion	activo		Mercado para el desarrollo de las diferentes actividades de las industrias culturales con el objeto de generar negocios, intercambiar información y presentar su producción a los principales referentes de todo el mundo. 		32300000.0			Desarrollo de mercados para el sector de las industrias culturales 	DNIC
142	industricacultural	MICA PRODUCE CENTRO	01/04/2015	enpreparacion	activo		Un espacio regional de formación y capacitación para productores, empresas y profesionales culturales, de cara a la 3º edición del MICA 2015 		500000.0			Desarrollo de mercados para el sector de las industrias culturales 	DNIC
143	industricacultural	MICA PRODUCE METROPOLITANO	15/03/2015	enpreparacion	activo		Un espacio regional de formación y capacitación para productores, empresas y profesionales culturales, de cara a la 3º edición del MICA 2015 		500000.0			Desarrollo de mercados para el sector de las industrias culturales 	DNIC
144	industricacultural	MICA PRODUCE PATAGONIA	15/02/2015	enpreparacion	activo		Un espacio regional de formación y capacitación para productores, empresas y profesionales culturales, de cara a la 3º edición del MICA 2015 		500000.0		Actividad a desarrollarse Febrero 2015	Desarrollo de mercados para el sector de las industrias culturales 	DNIC
201	industricacultural	Plataforma Digital de Vínculos	01/01/2015	enpreparacion	activo		Desarrollo y mantenimiento de plataforma digital para vinculación de productores culturales de todo el país, que a su vez será la organizadora de la rondas de negocios del MICA 		100000.0			Desarrollo de mercados para el sector de las industrias culturales 	DNIC
91	encuentrointl	Encuentro Laclau 1 y 2 Octubre 2015	01/10/2015	enpreparacion	activo	A definir	Encuentro internacional sobre el pensamiento del filósofo Ernesto Laclau. 	Bruera, Matías	300000.0	Reflexionar y difundir el pensamiento de Ernesto Laclau		Diálogos de América Latina y el Atlántico 	DNPAL
116	encuentrointl	Foros y Congreso por la Nueva Independencia	09/07/2015	enpreparacion	activo		Foros por la nueva independencia (tres foros a definir fecha y lugar). Congreso por la nueva Independencia en Julio en Tucumán	Bruera, Matías	10752000.0			Diálogos de América Latina y el Atlántico 	DNPAL
182	encuentrointl	Neoliberalismo. Encuentro Internacional	11/05/2015	enpreparacion	activo		Encuentro internacional de reflexión y debate sobre las consecuencias del Neoliberalismo en los países emergentes.	Bruera, Matías	812000.0			Diálogos de América Latina y el Atlántico 	DNPAL
195	encuentrointl	Paraguay	16/07/2015	enpreparacion	activo	Gobierno del Paraguay	Dos encuntros gemelos, uno en Paraguay y otro en Argentina, en el marco de la conmemoración de la Guerra del Paraguay.	Bruera, Matías	110000.0	Resignificar y debatir acerca de la Guerra del Paraguay, en el contexto de la Patria Grande		Diálogos de América Latina y el Atlántico 	DNPAL
285	educacion	Talleres Vacaciones Invierno y Verano	03/01/2015	enpreparacion	activo		"De tipografía Vitrales de papel Lupas caseras Pintura y collage Otros  Día del niño Día de la familia Otros" 		160000.0		Contrnido Cultural ATP	Educación (CNB) 	SGC
293	educacion	Visitas Guiadas	06/03/2015	enpreparacion	activo		"Nivel primario y secundario Público en general Circuito Ronda Cultural Otros" 		100000.0			Educación (CNB) 	SGC
38	encuentroregional	Capacitaciones	02/01/2015	enpreparacion	activo		Se prevee 2 encuentros anuales en la Patagonia y Zona Centro 		20000.0			Encuentro Regional Nuestros Alimentos 	DNPM
92	encuentroregional	Encuentros 	02/03/2015	enpreparacion	activo		Se prevee 2 encuentros anuales en la Patagonia y Zona Centro 		230000.0			Encuentro Regional Nuestros Alimentos 	DNPM
52	evento	Celebración 5 años de la CNB	01/05/2015	enpreparacion	activo				263000.0			Eventos Especiales (CNB) 	SGC
58	evento	Ciclo de panel de debate	10/03/2015	enpreparacion	activo				200000.0			Eventos Especiales (CNB) 	SGC
207	evento	Presentaciones de libros	01/01/2015	enpreparacion	activo				200000.0			Eventos Especiales (CNB) 	SGC
13	muestra	Apertura CCK	21/08/2015	enpreparacion	activo		Exposición sobre la construcción y puesta en Valor del Antiguo Correo Central ahora Centro Cultural Kirchner		460200.0			Exposiciones (CNB) 	SGC
103	muestra	Exposiciones Amor	02/03/2015	enpreparacion	activo				460200.0			Exposiciones (CNB) 	SGC
118	muestra	Fotografía de las diversas identidades  provinciales.	08/08/2015	enpreparacion	activo				460200.0			Exposiciones (CNB) 	SGC
119	muestra	Fotografías de artesanos	07/03/2015	enpreparacion	activo		Roxana Amarilla		460200.0			Exposiciones (CNB) 	SGC
133	muestra	IUNA 200	01/02/2015	enpreparacion	activo				450200.0			Exposiciones (CNB) 	SGC
135	muestra	Leopoldo Marechal	03/07/2015	enpreparacion	activo				460200.0			Exposiciones (CNB) 	SGC
139	muestra	Megaexposición	26/09/2015	enpreparacion	activo		A definir...		460200.0			Exposiciones (CNB) 	SGC
155	muestra	Muestras Miscelaneas	13/11/2015	enpreparacion	activo				460200.0			Exposiciones (CNB) 	SGC
203	muestra	Premios Pintura Fund. Banco Nación	07/03/2015	enpreparacion	activo				460200.0			Exposiciones (CNB) 	SGC
208	muestra	Primera Bienal Inter. de performance	06/03/2015	enpreparacion	activo				460200.0			Exposiciones (CNB) 	SGC
204	ferianacional	Presencia en Feria del Libro 2015	01/04/2015	enpreparacion	activo		Armado de stand y desarrollo de actividades 		1500000.0			Feria del Libro  	DNIC
205	ferianacional	Presencia en Feria del Libro 2015 Programación Artística	01/04/2015	enpreparacion	activo		Armado de stand y desarrollo de actividades		500000.0			Feria del Libro  	DNIC
281	plataformadigital	SISPLAN: Sistema de Planificación	30/09/2014	enpreparacion	activo	Agil Mind	Sistema de Gestión para el seguimiento de las ACCIONES del MCN, como último eslabón en la PLANIFICACIÓN OPERATIVA. Se ingresan las Acciones con toda la descripción de objetivos, costos, productos y metas, cronograma y fechas-hito. Luego se ingresan las ACTIVIDADES necesarias para su ejecución, como primer paso para llevar a cabo la ejecución de la ACCIÓN. 	Gómez Ortega, Mateo	195000.0	Visibilidad y articulación de las ACCIONES del MCN	Implementación Sistema Informático	Huella Digital 	DGTS
282	plataformadigital	Sistema de Gestión de Obra para el MNBA y museos nacionales	26/09/2014	enpreparacion	activo		Diseño, implementación y puesta en marcha de un sistema de gestión de obra de arte para el Museo Nacional de Bellas Artes y el resto de los Museos. El sistema posibilitará registrar y catalogar todo el acervo del Museo y contribuir con la gestión y preservación de las mismas: * Control del flujo de movimientos y novedades de una obra. * Gestión de curaduría * Gestión de prensa y difusión. 	Cazajús (MNBA), Paula	560000.0	Gestión integral de obra de arte en los museos	Diseño y desarrollo del Sistema Software	Huella Digital 	DGTS
152	audiovisual	Muestra Leopoldo Marechal	15/04/2015	enpreparacion	activo		Muestra sobre el pensamiento de Leopoldo Marechal	Bruera, Matías	1096200.0	Reflexionar y difundir el pensamiento de Leopoldo Marechal		Imaginación Cultural 	DNPAL
243	audiovisual	Radioteatro	31/05/2015	enpreparacion	activo		Radioteatro	Bruera, Matías	242000.0	Producción de un radioteatro		Imaginación Cultural 	DNPAL
124	infraestructuraedil	Impermeabilización de terraza	01/01/2015	enpreparacion	activo		cambio de membrana, barandas, aislante 		850000.0			Infraestructura (CNB) 	SGC
137	infraestructuraedil	Mantenimientos varios	01/01/2015	enpreparacion	activo				1181994.0			Infraestructura (CNB) 	SGC
244	infraestructuraedil	Reacondicimiento de 2 Auditorios	01/01/2015	enpreparacion	activo		Colocación de Sistema de aire acondicionado 		600000.0			Infraestructura (CNB) 	SGC
286	infraestructuraedil	Techado de patio	02/03/2015	enpreparacion	activo		Colocación de techo corredizo 		1500000.0			Infraestructura (CNB) 	SGC
149	expoitinerante	Muestra Amor	02/07/2015	enpreparacion	activo		6 destinos a definir		52300.0			Itinerancias (CNB) 	SGC
150	expoitinerante	Muestra Economía y Política	02/06/2015	enpreparacion	activo		8 destinos, a definir...		60000.0			Itinerancias (CNB) 	SGC
151	expoitinerante	Muestra Leonardo Favio	02/03/2015	enpreparacion	activo		10 destinos, a definir...		100000.0			Itinerancias (CNB) 	SGC
153	expoitinerante	Muestra Mujeres 200 años	01/04/2015	enpreparacion	activo		Muestras Itinerantes por 7 ciudades del Interior		55000.0			Itinerancias (CNB) 	SGC
154	expoitinerante	Muestra Música 200 años	02/06/2015	enpreparacion	activo		8 destinos, a definir...		50000.0			Itinerancias (CNB) 	SGC
156	expoitinerante	Muestra Sociedad de Trabajo	09/02/2015	enpreparacion	activo		30 destinos, a definir...		120000.0			Itinerancias (CNB) 	SGC
289	expoitinerante	Una historia llena de mujeres	02/03/2015	enpreparacion	activo		12 destinos, a definir...		105000.0			Itinerancias (CNB) 	SGC
134	legislacioncultural	Legislación comparada sobre políticas culturales	01/04/2015	enpreparacion	activo		Trabajos de relevamientos e investigación. Se prevee investigación   		100000.0			Legislacion Cultural 	DNPM
214	legislacioncultural	Propiedad intelectual – derechos de autor	01/01/2015	enpreparacion	activo		Trabajos de relevamientos e investigación. Se prevee investigación  respecto a la propiedad intelectual y derechos de autor  		100000.0			Legislacion Cultural 	DNPM
138	matra	MATRA 	01/01/2015	enpreparacion	activo		Actividades varias 		4145225.0			MATRA 	DNIC
21	micsur	Asistencia a reuniones preparatorias MICSUR 2016	01/01/2015	enpreparacion	activo		Armado de viajes y reuniones 		70000.0		Enero a Diciembre	MICSUR 	DNIC
218	micsur	Publicación	15/10/2015	enpreparacion	activo		Desarrollo, edición e impresión de producción editorial acerca de la temática 		50000.0			MICSUR 	DNIC
185	organismosintl	OEA	02/01/2015	enpreparacion	activo		Participar de Encuentros en el marco de la agenda de la OEA Están previstas 4 reuniones.   		190000.0			Organismos Internacionales 	DNPM
188	encuentrointl	Organización de encuentros Internacionales de difusión de la cultura	02/01/2015	enpreparacion	activo		 Organización de Encuentros Se prevee la organización de hasta 2 encuentros internacionales en la Ciudad de Buenos Aires 		260000.0			Organismos Internacionales 	DNPM
278	organismosintl	Seguimientos de actividades de Programas Iberoamericanos (SEGIB- OEI)	02/01/2015	enpreparacion	activo		Asistencia técnica Asistir a los programas iberoamericanos de los cuales participa el Ministerio de Cultura 		140000.0			Organismos Internacionales 	DNPM
291	organismosintl	UNESCO	01/01/2015	enpreparacion	activo		Participar de Encuentros en el marco de la agenda de UNESCO Están previstas 3 reuniones.   		198000.0			Organismos Internacionales 	DNPM
54	fortalecimiento	Ciclo de Capacitaciones Regionales 1°Cuatrimestre	01/01/2015	enpreparacion	activo		Capacitaciones específicas: 5 capacitadores en cada cada una de las 6 provincias desarrollando temática identidicada por PAEC 		850000.0			PAEC (Programa de Apoyo a Emprendimientos Culturales) 	DNIC
55	fortalecimiento	Ciclo de Capacitaciones Regionales 2°Cuatrimestre	01/05/2015	enpreparacion	activo		Capacitaciones específicas: 5 capacitadores en cada cada una de las 6 provincias desarrollando temática identidicada por PAEC 		850000.0			PAEC (Programa de Apoyo a Emprendimientos Culturales) 	DNIC
56	fortalecimiento	Ciclo de Capacitaciones Regionales 3°Cuatrimestre	01/09/2015	enpreparacion	activo		Capacitaciones específicas: 5 capacitadores en cada cada una de las 6 provincias desarrollando temática identidicada por PAEC 		850000.0			PAEC (Programa de Apoyo a Emprendimientos Culturales) 	DNIC
57	fortalecimiento	Ciclo de Capacitaciones Virtuales (Anual)	01/01/2015	enpreparacion	activo		Armado y ejecución de línea de capacitaciones virtuales a través de la plataforma del Min. Industria, contratación de capacitadores y desarrollo de contenido audiovisual. 		150000.0			PAEC (Programa de Apoyo a Emprendimientos Culturales) 	DNIC
100	fortalecimiento	Estímulos para circuitos, redes y comercialización asociativa	01/01/2015	enpreparacion	activo		Desarrollo de líneas de estímulo junto a organismos públicos y privados para fortalecimiento del sector (RESTA APROBACION) 		3850000.0			PAEC (Programa de Apoyo a Emprendimientos Culturales) 	DNIC
186	fortalecimiento	Oficina de Asesoría	01/01/2015	enpreparacion	activo		Contratación de profesionales para atención directa a productores en temáticas contables y legales 		220000.0			PAEC (Programa de Apoyo a Emprendimientos Culturales) 	DNIC
197	fortalecimiento	PDA en dos regiones del país	01/01/2015	enpreparacion	activo		El PDA fue creado para el mejoramiento estético, productivo, funcional y comunicacional- de productos y piezas existentes, que actualmente se están comercializando en una Provincia. Se busca explorar, rediseñar y mejorar productos culturales, con el objetivo de responder a las exigencias de los mercados actuales. 		1000000.0			PDA (Programa Diseño Activo)  	DNIC
125	mejoragestion	Implementación COMDOC	01/09/2014	enpreparacion	activo	Ministerio de Economía	Implementación y puesta en marcha del sistema de Comunicaciones Documentales (COMDOC), licenciado al Ministerio de Economía. Forma parte del Plan Administración CERO, con revisión integral de los procesos administrativos.	Gómez Ortega, Mateo	150000.0	Mejorar la gestión documental		Plan Administración CERO 	DGTS
94	encuentrointl	Encuentros Diversidad Cultural 	01/01/2015	enpreparacion	activo		Se prevé 3 encuentros anuales  		120000.0			Políticas Culturales 	DNPM
95	encuentroregional	Encuentros por el fortalecimiento de la Gestión Cultural	01/01/2015	enpreparacion	activo		Se prevee 2 encuentros anuales  		250000.0			Políticas Culturales 	DNPM
96	foro	Encuentros / Publicaciones, Foro  informe cuatrienal	01/01/2015	enpreparacion	activo		Se prevee 2 encuentros anuales  y 1 publicación 		250000.0			Políticas Culturales 	DNPM
69	premiosnacionales	Convocatoria 2015	01/01/2015	enpreparacion	activo		Difusión de los premios a entregar, y recepción de las propuestas. 		200000.0			Premios Nacionales  	DNIC
97	premiosnacionales	Entrega de premios 2014	02/10/2015	enpreparacion	activo		Premios a ganadores de la convocatoria 2014, contratación de jurados, armado de evento de entrega. 		1000000.0			Premios Nacionales  	DNIC
222	publicaciones	Publicaciones	01/01/2015	enpreparacion	activo		Publicaciones varias 		1300000.0			Publicaciones 	DNIC
39	recalculando	Capacitaciones	01/01/2015	enpreparacion	activo				192000.0			Recalculando 	DNIC
89	recalculando	Encuentro Federal	01/10/2015	enpreparacion	activo				538000.0			Recalculando 	DNIC
108	recalculando	Festivales	01/01/2015	enpreparacion	activo				183000.0			Recalculando 	DNIC
121	recalculando	Giras	01/01/2014	enpreparacion	activo				480000.0			Recalculando 	DNIC
220	recalculando	Publicación	02/11/2015	enpreparacion	activo				200000.0		A Desarrollarse entre Oct y Dic	Recalculando 	DNIC
279	congreso	Seminario anual del Sistema de Información Cultural de la Argerntina	01/04/2015	enpreparacion	activo	La provincia de Tucumán cubre estadía y comida de los enlaces provinciales. Además cubre el lugar de realización del evento. 	En el seminario anual se invitan a los enlaces provincias del SInCA a elaborar metodologías y mediciones conjuntas, establecer criterios comunes para la construcción colectiva de información cultural. 		125000.0	Fortalecer y legitimar el proceso de construcción de información cultural a nivel federal	Realización del Seminario Anual del SInCA	Sistema de información cultural argentino SINCA 	DNPM
231	fortalecimiento	Puesta en valor del MUSEO CASA DEL ACUERDO DE SAN NICOLAS- Sistema CCTV. Sistema de Incendio evacuación	01/01/2015	enpreparacion	activo		Puesta en valor del MUSEO CASA DEL ACUERDO DE SAN NICOLAS Sistema CCTV. Adecuación sistema de incendio, señaletica y plan de evacuación.                        		126000.0			1 Modernización de la exhibición permanente de los Museos Nacionales  	DNIC